{
  "mode": "quality-v10-stable",
  "baseline_mode": "quality-v10-native",
  "manifest": "C:\\Users\\Igland\\Antigravity\\Ghidra\\atracdenc_solo_20260411\\tools\\lp2_fast_stability_manifest.json",
  "hotspot_limit": 25,
  "hotspot_hf_threshold_db": 18.0,
  "rows": [
    {
      "name": "YOUtopia",
      "candidate_full": 17.264999543872005,
      "candidate_hf": 6.617182704226377,
      "candidate_seg_p10": 13.93458084634027,
      "candidate_seg_median": 15.833298390229322,
      "candidate_vocal_err_ratio": 0.14299890247836106,
      "candidate_side_snr": -3.06254035617866,
      "candidate_side_retention_db": 0.09834430637856553,
      "candidate_duration_ratio": 0.999901738473167,
      "candidate_hotspot_count": 25,
      "candidate_hotspot_worst_delta": -0.00043173763023318656,
      "delta_full_vs_baseline": 0.0010235732879024795,
      "delta_hf_vs_baseline": 0.0006646551442406334,
      "delta_seg_p10_vs_baseline": 0.0,
      "delta_vocal_vs_baseline": 5.814064461040491e-06,
      "delta_side_snr_vs_baseline": -0.0007052979423232131,
      "delta_side_retention_vs_baseline": 0.000545366053594537,
      "sony_distance": 1.021766782841177,
      "sony_side_distance": 14.957427422694044,
      "gate_status": "PASS"
    },
    {
      "name": "Badlands",
      "candidate_full": 21.334355611720746,
      "candidate_hf": 9.17796588035689,
      "candidate_seg_p10": 17.548354916381246,
      "candidate_seg_median": 21.43162962357294,
      "candidate_vocal_err_ratio": 0.08695625097912842,
      "candidate_side_snr": -3.429065854943622,
      "candidate_side_retention_db": 0.06819646947181586,
      "candidate_duration_ratio": 0.999901738473167,
      "candidate_hotspot_count": 25,
      "candidate_hotspot_worst_delta": 0.0,
      "delta_full_vs_baseline": 0.0,
      "delta_hf_vs_baseline": 0.0,
      "delta_seg_p10_vs_baseline": 0.0,
      "delta_vocal_vs_baseline": 0.0,
      "delta_side_snr_vs_baseline": 0.0,
      "delta_side_retention_vs_baseline": 0.0,
      "sony_distance": 1.238648101202473,
      "sony_side_distance": 17.762074249241117,
      "gate_status": "PASS"
    },
    {
      "name": "chirp_wait",
      "candidate_full": 12.647059387288408,
      "candidate_hf": 3.615373751737909,
      "candidate_seg_p10": 29.649262111139123,
      "candidate_seg_median": 32.664849138847806,
      "candidate_vocal_err_ratio": 0.07785673522428165,
      "candidate_side_snr": 0.0,
      "candidate_side_retention_db": 0.0,
      "candidate_duration_ratio": 1.012077097505669,
      "candidate_hotspot_count": 25,
      "candidate_hotspot_worst_delta": 0.0,
      "delta_full_vs_baseline": -0.0240643292319902,
      "delta_hf_vs_baseline": -0.01694444189489941,
      "delta_seg_p10_vs_baseline": 0.0,
      "delta_vocal_vs_baseline": 0.0,
      "delta_side_snr_vs_baseline": 0.0,
      "delta_side_retention_vs_baseline": 0.0,
      "sony_distance": 1.7116452710800425,
      "sony_side_distance": 0.0,
      "gate_status": "PASS"
    },
    {
      "name": "tmp_transient",
      "candidate_full": 8.470310693562936,
      "candidate_hf": 7.743979773817625,
      "candidate_seg_p10": 0.0,
      "candidate_seg_median": 0.0,
      "candidate_vocal_err_ratio": null,
      "candidate_side_snr": 0.0,
      "candidate_side_retention_db": 0.0,
      "candidate_duration_ratio": 1.012077097505669,
      "candidate_hotspot_count": 7,
      "candidate_hotspot_worst_delta": 0.0,
      "delta_full_vs_baseline": 0.0,
      "delta_hf_vs_baseline": 0.0,
      "delta_seg_p10_vs_baseline": 0.0,
      "delta_vocal_vs_baseline": null,
      "delta_side_snr_vs_baseline": 0.0,
      "delta_side_retention_vs_baseline": 0.0,
      "sony_distance": 10.64642210453834,
      "sony_side_distance": 0.0,
      "gate_status": "PASS"
    }
  ],
  "hotspots": {
    "YOUtopia": [
      {
        "frame": 644,
        "delta": -0.00043173763023318656,
        "hf_energy_db": 69.82880810765222,
        "baseline_snr": 17.493086894282527,
        "candidate_snr": 17.492655156652294
      },
      {
        "frame": 531,
        "delta": 0.0,
        "hf_energy_db": 75.25530813746164,
        "baseline_snr": 15.89761077516658,
        "candidate_snr": 15.89761077516658
      },
      {
        "frame": 572,
        "delta": 0.0,
        "hf_energy_db": 75.11449303005485,
        "baseline_snr": 12.246548507360323,
        "candidate_snr": 12.246548507360323
      },
      {
        "frame": 589,
        "delta": 0.0,
        "hf_energy_db": 75.11375334665937,
        "baseline_snr": 15.588873665493681,
        "candidate_snr": 15.588873665493681
      },
      {
        "frame": 570,
        "delta": 0.0,
        "hf_energy_db": 74.81338127293235,
        "baseline_snr": 11.940300149943116,
        "candidate_snr": 11.940300149943116
      },
      {
        "frame": 573,
        "delta": 0.0,
        "hf_energy_db": 74.73174032734585,
        "baseline_snr": 12.806884159052014,
        "candidate_snr": 12.806884159052014
      },
      {
        "frame": 407,
        "delta": 0.0,
        "hf_energy_db": 74.56957300842069,
        "baseline_snr": 13.735068958867483,
        "candidate_snr": 13.735068958867483
      },
      {
        "frame": 571,
        "delta": 0.0,
        "hf_energy_db": 74.454124417501,
        "baseline_snr": 12.526506789751783,
        "candidate_snr": 12.526506789751783
      },
      {
        "frame": 530,
        "delta": 0.0,
        "hf_energy_db": 74.40262139495948,
        "baseline_snr": 12.374982979267354,
        "candidate_snr": 12.374982979267354
      },
      {
        "frame": 529,
        "delta": 0.0,
        "hf_energy_db": 74.32475212720246,
        "baseline_snr": 12.001231934275747,
        "candidate_snr": 12.001231934275747
      },
      {
        "frame": 528,
        "delta": 0.0,
        "hf_energy_db": 74.2359216054927,
        "baseline_snr": 13.266899419811812,
        "candidate_snr": 13.266899419811812
      },
      {
        "frame": 574,
        "delta": 0.0,
        "hf_energy_db": 74.21375306012622,
        "baseline_snr": 13.07521707092108,
        "candidate_snr": 13.07521707092108
      },
      {
        "frame": 494,
        "delta": 0.0,
        "hf_energy_db": 74.13737374033376,
        "baseline_snr": 14.222663530769168,
        "candidate_snr": 14.222663530769168
      },
      {
        "frame": 451,
        "delta": 0.0,
        "hf_energy_db": 74.0991604193752,
        "baseline_snr": 17.268433535328796,
        "candidate_snr": 17.268433535328796
      },
      {
        "frame": 506,
        "delta": 0.0,
        "hf_energy_db": 74.04830573902845,
        "baseline_snr": 13.144156611491418,
        "candidate_snr": 13.144156611491418
      },
      {
        "frame": 508,
        "delta": 0.0,
        "hf_energy_db": 74.04317326376133,
        "baseline_snr": 14.6206982897529,
        "candidate_snr": 14.6206982897529
      },
      {
        "frame": 507,
        "delta": 0.0,
        "hf_energy_db": 74.01097015780552,
        "baseline_snr": 13.093223789099245,
        "candidate_snr": 13.093223789099245
      },
      {
        "frame": 495,
        "delta": 0.0,
        "hf_energy_db": 73.93532370762001,
        "baseline_snr": 18.4775419304386,
        "candidate_snr": 18.4775419304386
      },
      {
        "frame": 422,
        "delta": 0.0,
        "hf_energy_db": 73.87263871097284,
        "baseline_snr": 18.91815139272946,
        "candidate_snr": 18.91815139272946
      },
      {
        "frame": 611,
        "delta": 0.0,
        "hf_energy_db": 73.81076774512456,
        "baseline_snr": 20.512211047270736,
        "candidate_snr": 20.512211047270736
      },
      {
        "frame": 553,
        "delta": 0.0,
        "hf_energy_db": 73.69578848481008,
        "baseline_snr": 19.442291787983283,
        "candidate_snr": 19.442291787983283
      },
      {
        "frame": 588,
        "delta": 0.0,
        "hf_energy_db": 73.62646202560947,
        "baseline_snr": 12.895005542214815,