Gain,SNR
0.5,22.905345916748047
0.707,22.419889450073242
1.0,21.737586975097656
1.414,20.790327072143555
1.5,20.605676651000977
2.0,19.534093856811523
